manuscript_item,content,source_artifact,public_repo_coverage,notes
Scope note,Main-manuscript provenance inventory,"main text Fig. 1-10 and Table 1-4; supplementary methods/tables are documented in the supplement","main manuscript covered here; supplementary-only campaign tables are not enumerated unless they directly support a shipped main-text artifact","This file answers which public artifacts support each main manuscript item."
Fig. 1,Model geometry and percolation examples,"illustrative figure scripts; model geometry implemented in cntcb/kernel and cntcb/engines","not table-based; code covered in cntcb and generate/","No curated CSV is required for the schematic panels."
Fig. 2,Illustrative Kirchhoff network and voltage solution,"illustrative Kirchhoff figure script; conductivity solver implemented in cntcb/engines","not table-based; code covered in cntcb/engines","No curated CSV is required for the schematic network example."
Table 1,Selected filler populations and fixed model parameters,"manuscript parameter table; wrapper defaults; cntcb/kernel/materials.py","covered by code defaults and README/reproduce_paper documentation","No separate CSV is used."
Fig. 3,Monodisperse percolation benchmark and finite-size scaling,"data/reference/percolation/fss_monodisperse_cb_d150.csv; data/reference/percolation/fss_monodisperse_cnt_L500_w_sweep.csv","covered in data/reference/percolation; regenerated by reproduce_paper/run_fss_monodisperse_benchmark.py","Summary CSVs are shipped; raw realization CSVs are regenerated."
Fig. 4,CNT length-distribution threshold figure,"data/reference/percolation/cnt_phic_sweep_fixedstep_Lmin50.csv; matching realizations","summary covered in data/reference/percolation; raw realizations regenerated by reproduce_paper/run_cnt_phic_sweep_fixedstep.py","This is the current publication support L_min=50 nm campaign; it also anchors stage-2 conductivity/GF sweeps."
Fig. 5,CB aggregate-size threshold figure,"data/reference/percolation/cb_phic_sweep_Loverd60_momentmatched_D20_500_n300.csv; matching realizations","summary covered in data/reference/percolation; raw realizations regenerated by reproduce_paper/run_cb_phic_sweep_pub.py","Distribution panels use regenerated realization data."
Fig. 6,Hybrid percolation boundary,"data/reference/percolation/hybrid_phic_boundary_n400_modes.csv","covered in data/reference/percolation; regenerated by reproduce_paper/run_hybrid_phic_boundary_pub.py","Summary CSV is sufficient for the plotted boundary."
Fig. 7,Simmons conductivity loading map,"data/reference/conductivity/simmons_conductivity_regime_n300_m10_Lcb8000_Lcnt4000_Lhyb4000.csv; data/reference/conductivity/simmons_conductivity_regime_n300_cnt_high_to_3wt_L4000.csv; data/reference/conductivity/simmons_conductivity_regime_n300_m17_hybridCB1_Lhyb4000.csv","covered in data/reference/conductivity; regenerated by reproduce_paper/run_simmons_conductivity_regime_pub.py","Uses compact summary CSVs."
Fig. 8,Simmons effective-threshold scaling,"same three conductivity summary CSVs as Fig. 7","covered in data/reference/conductivity; regenerated by reproduce_paper/run_simmons_conductivity_regime_pub.py","Effective-threshold fit is computed from the shipped summaries."
Table 2,Pan and Li MWCNT/PP case study,"external literature values plus data/article_evidence/pan2013_case_study/pan2013_table2_case_study.csv; data/article_evidence/pan2013_case_study/pan2013_conductivity_sweep_summary.csv; data/article_evidence/pan2013_case_study/pan2013_conductivity_powerlaw_fit.csv","geometric-threshold rows covered by generate/percolation_threshold.py commands; conductivity-defined threshold and exponent covered by tools/fit_conductivity_powerlaw.py on the compact conductivity sweep summary","Pan published w_c,e and t values are literature inputs; model w_c,g is a geometric threshold, while model w_c,e and t come from the Simmons conductivity sweep fit walked through in examples/pan2013_case_study.md. The geometric and conductivity summaries use matched L_RVE=4000 nm and N=50 model ensembles."
Fig. 9,Ideal affine GF response and decomposition,"data/reference/gf/gf_simmons_gf_affine_cb_40wt_50wt_n300.csv; data/reference/gf/gf_simmons_gf_affine_cnt_3wt_n300.csv; data/reference/gf/gf_simmons_gf_affine_hybrid_3CNT_1CB_n300.csv; matching realizations","summaries covered in data/reference/gf; raw strain-response realizations regenerated by reproduce_paper/run_gf_simmons_regime_pub.py","GF decomposition bars use summaries; response curves use regenerated realizations."
Fig. 10,GF mechanism/sign-flip diagnostic,"data/article_evidence/gf_mechanism/gf_mech100_20260620_205743_audit.csv; data/article_evidence/gf_mechanism/gf_simmons_gf_mech100_20260620_205743_h1_ideal.csv; data/article_evidence/gf_mechanism/gf_weaklink_upper_bound.csv","covered in data/article_evidence/gf_mechanism; compact support checked by tools/verify_gf_mechanism_support.py","Figure script is not shipped; the numerical support package is shipped."
Table 3,Conduction-pathway participation and GF,"data/article_evidence/gf_mechanism/table3_conduction_pathway_gf.csv; data/article_evidence/gf_mechanism/gf_mech100_20260620_205743_audit.csv; data/article_evidence/gf_mechanism/gf_weaklink_upper_bound.csv","covered in data/article_evidence/gf_mechanism; checked by tools/verify_gf_mechanism_support.py","Machine-readable raw values are shipped; manuscript table rounds them."
Table 4,Uncalibrated ideal-affine GF reference at matched compositions,"data/reference/gf/gf_simmons_gf_affine_cb_40wt_50wt_n300.csv; data/reference/gf/gf_simmons_gf_affine_cnt_3wt_n300.csv; data/reference/gf/gf_simmons_gf_affine_hybrid_3CNT_1CB_n300.csv; data/article_evidence/gf_mechanism/gf_weaklink_upper_bound.csv; external measured GF values from cited studies","partly covered by data/reference/gf and data/article_evidence/gf_mechanism; measured values remain literature inputs","The measured GF values are citation-level inputs, not generated by this repository."
