mu_d_nm,sigma_d_nm,cv,diameter_moment_mode,parent_mu_d_nm,parent_sigma_d_nm,expected_trunc_mean_d_nm,expected_trunc_std_d_nm,expected_trunc_Ed3_nm3,trunc_prob_low,trunc_prob_high,trunc_prob_kept,phi_c_vol,phi_c_wt_pct,phi_c_q25_wt,phi_c_q75_wt,phi_c_ps_vol,phi_c_ps_wt,phi_c_psp_vol,phi_c_psp_wt,delta_phi_wt,n_perc,n_total,n_censored,phi_act_mean,phi_act_std,n_cb_mean,n_cb_std,mean_d_realized_nm,std_d_realized_nm,d_q05_realized_nm,d_q50_realized_nm,d_q95_realized_nm,L_RVE_nm,D_min_nm,D_max_nm,tunnel_nm,phi_max_wt_pct,cb_boundary_mode,elapsed_s
220,100,0.4545,truncated_moment_matched,241.9808,139.4381,220,100,17904138,5.711675e-06,0.052283424,0.94771086,0.3183422,39.8281,39.0964,40.3616,0.29912767,37.691,0.31027691,38.9348,2.13716,300,300,0,0.3173188,0.0084329675,77825.94,2115.473,220.01257,100.03045,85.667209,202.44091,416.91388,13200.0,20.0,500.0,10.0,50.0,penetrable,186.569
220,83,0.3773,truncated_moment_matched,224.79363,92.660402,220,83,15631979,1.7158832e-09,0.013342154,0.98665784,0.31490639,39.4482,38.9944,39.963,0.29912767,37.691,0.30781878,38.6614,1.75723,300,300,0,0.31466613,0.0074669727,88427.457,2117.3887,219.99649,82.996605,108.04803,206.44723,381.43768,13200.0,20.0,500.0,10.0,50.0,penetrable,248.235
220,70,0.3182,truncated_moment_matched,221.11839,72.562697,220,70,14154680,9.6256336e-14,0.0033524835,0.99664752,0.31200688,39.1268,38.6693,39.574,0.29912767,37.691,0.30580668,38.4373,1.43586,300,300,0,0.3114742,0.0069182274,96678.253,2193.938,219.98948,69.990778,124.11773,209.80476,352.06899,13200.0,20.0,500.0,10.0,50.0,penetrable,292.489
220,50,0.2273,truncated_moment_matched,220.02565,50.077536,220,50,12382929,0,8.3269425e-05,0.99991673,0.30639255,38.5026,38.0453,38.9547,0.29912767,37.691,0.30281939,38.104,0.811619,300,300,0,0.30601812,0.0061567294,108538.87,2181.3234,220.00404,50.015232,148.22833,214.53139,310.46749,13200.0,20.0,500.0,10.0,50.0,penetrable,360.835
220,25,0.1136,truncated_moment_matched,220,25,220,25,11065850,0,1.3911094e-13,1,0.30162883,37.9709,37.5787,38.3426,0.29912767,37.691,0.30009739,37.7996,0.279918,300,300,0,0.30091593,0.0053413551,119445.42,2123.2952,220.00181,25.002602,181.43876,218.58915,263.37811,13200.0,20.0,500.0,10.0,50.0,penetrable,429.805
180,100,0.5556,truncated_moment_matched,198.17278,139.3074,180,100,12167060,0.00047946494,0.037759834,0.9617607,0.31925789,39.9292,39.2197,40.5512,0.29062219,36.7352,0.30818754,38.7025,3.19405,300,300,0,0.31860382,0.0092188547,62965.637,1839.3013,180.03603,100.01638,56.661965,157.42368,385.56507,10800.0,20.0,500.0,10.0,50.0,penetrable,204.673
180,83,0.4611,truncated_moment_matched,183.90834,92.293218,180,83,10134349,4.406359e-06,0.0094550639,0.99054053,0.31312999,39.2514,38.6542,39.973,0.29062219,36.7352,0.30470749,38.3147,2.51622,300,300,0,0.31326164,0.0089545867,74354.913,2148.9176,179.9969,83.01875,75.219875,163.44856,344.83318,10800.0,20.0,500.0,10.0,50.0,penetrable,283.322
180,70,0.3889,truncated_moment_matched,180.89085,72.386203,180,70,8828159.9,1.6829874e-08,0.0023218081,0.99767818,0.31083359,38.9966,38.3504,39.5554,0.29062219,36.7352,0.30168135,37.9768,2.26141,300,300,0,0.31008162,0.0081736466,84486.41,2291.2745,180.01557,70.005572,89.075216,167.77719,314.02916,10800.0,20.0,500.0,10.0,50.0,penetrable,366.714
180,50,0.2778,truncated_moment_matched,180.01853,50.064784,180,50,7287154.9,1.2212453e-15,5.2410518e-05,0.99994759,0.30180308,37.9904,37.3994,38.3824,0.29062219,36.7352,0.29690113,37.4414,1.25519,300,300,0,0.30104973,0.0063515924,99402.583,2086.8074,179.99767,49.991486,110.70096,173.43792,271.65358,10800.0,20.0,500.0,10.0,50.0,penetrable,503.039
180,25,0.1389,truncated_moment_matched,180,25,180,25,6176052.3,0,4.3187676e-14,1,0.29343483,37.0519,36.668,37.4688,0.29062219,36.7352,0.2923058,36.9249,0.316736,300,300,0,0.29329397,0.0051775377,114246.69,2033.0427,180.00504,24.994003,142.0381,178.29616,223.78778,10800.0,20.0,500.0,10.0,50.0,penetrable,662.252
148,100,0.6757,truncated_moment_matched,166.98814,152.01202,148,100,8884553.2,0.0095617206,0.035926259,0.95451202,0.31853122,39.849,39.0126,40.6428,0.28092212,35.6377,0.30714249,38.5861,4.21128,300,300,0,0.31764538,0.012756749,47794.073,1955.8387,148.02585,100.01635,36.2439,120.36119,361.12195,8880.0,20.0,500.0,10.0,50.0,penetrable,197.692
148,83,0.5608,truncated_moment_matched,152.06854,94.310777,148,83,7025070.4,0.00053623053,0.0088525936,0.99061118,0.31500015,39.4586,38.555,40.2022,0.28092212,35.6377,0.302633,38.0831,3.82086,300,300,0,0.31382484,0.010601109,59710.553,2045.4608,148.01129,83.028342,50.577521,128.46072,316.31225,8880.0,20.0,500.0,10.0,50.0,penetrable,307.574
148,70,0.4730,truncated_moment_matched,148.95259,72.901286,148,70,5848434.5,2.0544076e-05,0.0022208852,0.99775857,0.31032649,38.9403,38.1869,39.4223,0.28092212,35.6377,0.29844857,37.6149,3.30253,300,300,0,0.3085162,0.0098752928,70506.437,2293.4939,148.03684,70.010994,62.413246,133.65559,284.11839,8880.0,20.0,500.0,10.0,50.0,penetrable,431.129
148,50,0.3378,truncated_moment_matched,148.02214,50.08658,148,50,4480831.9,1.6610273e-09,5.6298259e-05,0.9999437,0.29873892,37.6474,37.0587,38.1091,0.28092212,35.6377,0.29126015,36.8071,2.00969,300,300,0,0.29801852,0.0070386544,88985.937,2103.3935,147.98366,49.987652,81.571029,140.20065,240.90483,8880.0,20.0,500.0,10.0,50.0,penetrable,687.857
148,25,0.1689,truncated_moment_matched,148,25,148,25,3527285.4,0,1.0536017e-13,1,0.28534452,36.1391,35.7843,36.5126,0.28092212,35.6377,0.2837732,35.9611,0.501326,300,300,0,0.28518861,0.0049274827,108127.38,1879.7188,147.99958,25.000155,110.74182,145.93054,192.28695,8880.0,20.0,500.0,10.0,50.0,penetrable,1029.296
120,83,0.6917,truncated_moment_matched,124.096,100.61991,120,83,5104943.4,0.013466564,0.01028222,0.97625122,0.31722079,39.7042,38.6122,40.5999,0.26883496,34.259,0.30184853,37.9955,5.4452,300,300,0,0.31608276,0.013314865,44149.97,1903.8786,119.98961,82.998127,32.352066,96.661591,292.60374,7200.0,20.0,500.0,10.0,50.0,penetrable,300.319
120,70,0.5833,truncated_moment_matched,121.08101,74.436602,120,70,4021378.4,0.0018823025,0.0026537217,0.99546398,0.3111348,39.03,38.1147,40.0112,0.26883496,34.259,0.29639745,37.3848,4.771,300,300,0,0.31047635,0.011791128,55004.327,2116.0115,120.01973,70.028046,41.003893,103.10642,258.45836,7200.0,20.0,500.0,10.0,50.0,penetrable,464.510
120,50,0.4167,truncated_moment_matched,120.03616,50.161643,120,50,2788427.1,9.9384687e-06,8.596314e-05,0.9999041,0.29594231,37.3337,36.6543,37.9279,0.26883496,34.259,0.28600307,36.2136,3.0747,300,300,0,0.29511006,0.0084689172,75436.95,2222.9964,120.00367,50.003834,57.258611,110.76222,214.21024,7200.0,20.0,500.0,10.0,50.0,penetrable,884.381
120,25,0.2083,truncated_moment_matched,120,25,120,25,1962906.9,0,1.0579315e-12,1,0.27671255,35.159,34.7145,35.5862,0.26883496,34.259,0.27377214,34.8237,0.899957,300,300,0,0.27637523,0.0053371962,100345.51,1938.1466,120.00839,25.003912,83.708644,117.4819,164.90277,7200.0,20.0,500.0,10.0,50.0,penetrable,1567.260
100,70,0.7000,truncated_moment_matched,100,77.657208,100,70,3106306.3,0.022785108,0.0036122504,0.97360264,0.31287236,39.2228,38.2631,40.3033,0.2567994,32.8737,0.29621785,37.3647,6.34909,300,300,0,0.31235204,0.015399181,41441.777,2067.3813,100.00242,70.039462,28.868012,80.282404,240.98785,6000.0,20.0,500.0,10.0,50.0,penetrable,433.267
100,50,0.5000,truncated_moment_matched,100,50.352076,100,50,1944036.2,0.00082181038,0.00014537131,0.99903282,0.29686391,37.4372,36.601,37.9989,0.2567994,32.8737,0.2827495,35.8451,4.56344,300,300,0,0.29569049,0.0093530776,62750.563,2054.0392,100.00118,49.997777,41.023949,89.351446,195.10756,6000.0,20.0,500.0,10.0,50.0,penetrable,989.693
100,25,0.2500,truncated_moment_matched,100,25,100,25,1199462.9,7.1128381e-11,1.3721468e-11,1,0.26862169,34.2346,33.7452,34.6219,0.2567994,32.8737,0.2646353,33.7771,1.36086,300,300,0,0.26799382,0.0056125541,92183.66,1905.3016,99.995675,24.997787,64.70995,97.00735,145.43402,6000.0,20.0,500.0,10.0,50.0,penetrable,2185.065
