mu_L_nm,sigma_L_nm,cv,phi_c_vol,phi_c_wt_pct,phi_c_q25_wt,phi_c_q75_wt,P_at_exp_wt,P_at_1wt,n_perc,n_total,n_censored,phi_c_analytic_vol,phi_c_analytic_wt_pct,phi_act_mean,phi_act_std,n_cnt_mean,n_cnt_std,n_total_segs_mean,mean_n_seg_per_cnt,max_n_seg_per_cnt,mean_segment_len_nm,max_segment_len_nm,cnt_segmentation_rule,seg_len_unit_nm,terminal_remainder,L_RVE_nm,L_min_nm,L_max_nm,CNT_diam_nm,waviness,tunnel_nm,phi_max_wt_pct,phi_exp_wt_pct,elapsed_s
700,0,0.0000,0.0060784909,0.835667,0.811865,0.867537,0.9700,1.0000,100,100,0,0.0057357143,0.788645,0.0061000869,0.00028977416,7101.14,337.32746,99415.96,14,14,50,50,fixed_50nm_plus_terminal_remainder,50.0,True,4000.0,50.0,1500.0,10.0,0.7,10.0,2.0,0.904,36.770
700,100,0.1429,0.0059687469,0.820614,0.791878,0.849079,1.0000,1.0000,100,100,0,0.005621,0.772905,0.0059593961,0.00033254074,6936.21,387.60183,100591.7,14.502525,29,48.27579,50,fixed_50nm_plus_terminal_remainder,50.0,True,4000.0,50.0,1500.0,10.0,0.7,10.0,2.0,0.904,38.884
700,150,0.2143,0.0058808923,0.808562,0.783956,0.828915,0.9900,1.0000,100,100,0,0.0054839024,0.754093,0.0058768189,0.00024409565,6843.36,281.56269,99200.08,14.495613,30,48.274817,50,fixed_50nm_plus_terminal_remainder,50.0,True,4000.0,50.0,1500.0,10.0,0.7,10.0,2.0,0.904,39.119
700,200,0.2857,0.0057754718,0.794099,0.751089,0.81722,1.0000,1.0000,100,100,0,0.0053028302,0.729243,0.0057147165,0.0003355231,6650.1,394.70036,96461.44,14.505864,30,48.276085,50,fixed_50nm_plus_terminal_remainder,50.0,True,4000.0,50.0,1500.0,10.0,0.7,10.0,2.0,0.904,37.301
700,300,0.4286,0.0053316249,0.733195,0.710923,0.763183,1.0000,1.0000,100,100,0,0.0048456897,0.666492,0.0053213744,0.00032474118,6194.51,386.50777,89819.48,14.501351,30,48.277308,50,fixed_50nm_plus_terminal_remainder,50.0,True,4000.0,50.0,1500.0,10.0,0.7,10.0,2.0,0.904,34.357
700,400,0.5714,0.0048825264,0.67155,0.632971,0.697143,1.0000,1.0000,100,100,0,0.0043238462,0.594833,0.0048433026,0.00036561417,5639.63,429.77952,81754.69,14.497642,30,48.274793,50,fixed_50nm_plus_terminal_remainder,50.0,True,4000.0,50.0,1500.0,10.0,0.7,10.0,2.0,0.904,30.887
600,0,0.0000,0.0069272118,0.952044,0.93216,0.980126,0.1200,0.8800,100,100,0,0.0066916667,0.919754,0.0069386393,0.00030464874,9423.52,413.75022,113082.24,12,12,50,50,fixed_50nm_plus_terminal_remainder,50.0,True,4000.0,50.0,1500.0,10.0,0.7,10.0,2.0,0.904,43.400
600,100,0.1667,0.0068626245,0.943191,0.909447,0.961235,0.2300,0.9500,100,100,0,0.0065108108,0.894957,0.0067992917,0.00031703666,9233.91,434.12902,115427.01,12.500598,27,48.000546,50,fixed_50nm_plus_terminal_remainder,50.0,True,4000.0,50.0,1500.0,10.0,0.7,10.0,2.0,0.904,44.910
600,150,0.2500,0.0066394534,0.912595,0.882389,0.944665,0.4100,0.9800,100,100,0,0.0062980392,0.865779,0.0066474911,0.00032104024,9029.74,438.70608,112850.24,12.497815,30,48.00047,50,fixed_50nm_plus_terminal_remainder,50.0,True,4000.0,50.0,1500.0,10.0,0.7,10.0,2.0,0.904,44.644
600,200,0.3333,0.0064153691,0.881869,0.846872,0.925749,0.6800,1.0000,100,100,0,0.0060225,0.827987,0.006408294,0.0003668868,8706.19,498.01551,108795.46,12.496379,30,47.997881,50,fixed_50nm_plus_terminal_remainder,50.0,True,4000.0,50.0,1500.0,10.0,0.7,10.0,2.0,0.904,42.311
600,300,0.5000,0.0058070112,0.798426,0.756872,0.827674,0.9800,1.0000,100,100,0,0.0053533333,0.736175,0.0057713831,0.0003791788,7842.13,519.49192,97978.31,12.494416,30,47.999767,50,fixed_50nm_plus_terminal_remainder,50.0,True,4000.0,50.0,1500.0,10.0,0.7,10.0,2.0,0.904,37.494
600,400,0.6667,0.0051365383,0.706419,0.674855,0.736641,1.0000,1.0000,100,100,0,0.0046326923,0.637247,0.0051240212,0.00035432978,6958.23,485.59202,87013.8,12.505925,30,47.985934,50,fixed_50nm_plus_terminal_remainder,50.0,True,4000.0,50.0,1500.0,10.0,0.7,10.0,2.0,0.904,33.811
500,0,0.0000,0.0081417564,1.11845,1.09551,1.14074,0.0000,0.0100,100,100,0,0.00803,1.10315,0.0081102485,0.00029685797,13217.65,483.80327,132176.5,10,10,50,50,fixed_50nm_plus_terminal_remainder,50.0,True,4000.0,50.0,1500.0,10.0,0.7,10.0,2.0,0.904,51.850
500,100,0.2000,0.0079496849,1.09215,1.06712,1.12327,0.0100,0.0400,100,100,0,0.0077211538,1.06084,0.0079315884,0.00034068527,12926.85,559.99755,135726.75,10.499772,28,47.619547,50,fixed_50nm_plus_terminal_remainder,50.0,True,4000.0,50.0,1500.0,10.0,0.7,10.0,2.0,0.904,53.547
500,150,0.3000,0.0076035687,1.04473,1.00867,1.0737,0.0000,0.2000,100,100,0,0.0073669725,1.01232,0.0075632213,0.00036107984,12331.99,592.29878,129426.44,10.495342,30,47.618381,50,fixed_50nm_plus_terminal_remainder,50.0,True,4000.0,50.0,1500.0,10.0,0.7,10.0,2.0,0.904,51.228
500,200,0.4000,0.007343612,1.00911,0.971849,1.03788,0.0400,0.4500,100,100,0,0.0069224138,0.951387,0.0073056705,0.00034547338,11908.4,576.644,125021.58,10.49923,30,47.617434,50,fixed_50nm_plus_terminal_remainder,50.0,True,4000.0,50.0,1500.0,10.0,0.7,10.0,2.0,0.904,49.431
500,300,0.6000,0.0064527297,0.886992,0.861446,0.908008,0.7000,1.0000,100,100,0,0.0059044118,0.811788,0.0064056976,0.00035076251,10445.37,586.82893,109622.38,10.495887,30,47.6167,50,fixed_50nm_plus_terminal_remainder,50.0,True,4000.0,50.0,1500.0,10.0,0.7,10.0,2.0,0.904,43.087
500,400,0.8000,0.0054229825,0.745733,0.71619,0.775834,1.0000,1.0000,100,100,0,0.0048963415,0.673446,0.0054199694,0.00033302625,8828.76,553.0147,92863.25,10.519341,30,47.560316,50,fixed_50nm_plus_terminal_remainder,50.0,True,4000.0,50.0,1500.0,10.0,0.7,10.0,2.0,0.904,36.009
400,0,0.0000,0.0098290126,1.34938,1.32636,1.37566,0.0000,0.0000,100,100,0,0.0100375,1.37789,0.0098353252,0.0002996708,20036.36,610.48435,160290.88,8,8,50,50,fixed_50nm_plus_terminal_remainder,50.0,True,4000.0,50.0,1500.0,10.0,0.7,10.0,2.0,0.904,66.068
400,100,0.2500,0.009524165,1.30768,1.28004,1.3318,0.0000,0.0000,100,100,0,0.0094470588,1.29713,0.0094894814,0.00035944634,19338.71,733.84308,164323.53,8.4971599,25,47.057969,50,fixed_50nm_plus_terminal_remainder,50.0,True,4000.0,50.0,1500.0,10.0,0.7,10.0,2.0,0.904,71.385
400,150,0.3750,0.008954001,1.22966,1.19715,1.25991,0.0000,0.0000,100,100,0,0.0088,1.20858,0.0089410383,0.00035282921,18224.53,732.00053,154831.71,8.4960464,30,47.056426,50,fixed_50nm_plus_terminal_remainder,50.0,True,4000.0,50.0,1500.0,10.0,0.7,10.0,2.0,0.904,64.784
400,200,0.5000,0.0083467687,1.14653,1.10311,1.1722,0.0000,0.0200,100,100,0,0.00803,1.10315,0.008310771,0.00036975619,16926.53,762.29851,143907.19,8.5021316,30,47.059642,50,fixed_50nm_plus_terminal_remainder,50.0,True,4000.0,50.0,1500.0,10.0,0.7,10.0,2.0,0.904,59.470
400,300,0.7500,0.0069773227,0.958913,0.914927,0.990616,0.1800,0.8200,100,100,0,0.006424,0.883053,0.0069432907,0.00036331576,14148.07,764.66421,120294.6,8.5034663,30,47.034025,50,fixed_50nm_plus_terminal_remainder,50.0,True,4000.0,50.0,1500.0,10.0,0.7,10.0,2.0,0.904,48.204
300,0,0.0000,0.012634725,1.73273,1.69478,1.76354,0.0000,0.0000,100,100,0,0.013383333,1.83488,0.012624604,0.00034252038,34291.51,930.36906,205749.06,6,6,50,50,fixed_50nm_plus_terminal_remainder,50.0,True,4000.0,50.0,1500.0,10.0,0.7,10.0,2.0,0.904,91.129
300,100,0.3333,0.01169842,1.60489,1.56339,1.63265,0.0000,0.0000,100,100,0,0.012045,1.65222,0.011640426,0.0003929072,31630.51,1061.3839,205528.49,6.4977698,30,46.151548,50,fixed_50nm_plus_terminal_remainder,50.0,True,4000.0,50.0,1500.0,10.0,0.7,10.0,2.0,0.904,92.801
300,150,0.5000,0.010635182,1.45961,1.4146,1.49206,0.0000,0.0000,100,100,0,0.010706667,1.46938,0.010581489,0.00043638922,28745.34,1218.6593,186821.04,6.4994951,30,46.154373,50,fixed_50nm_plus_terminal_remainder,50.0,True,4000.0,50.0,1500.0,10.0,0.7,10.0,2.0,0.904,82.593
300,200,0.6667,0.0095068916,1.30531,1.26446,1.34241,0.0000,0.0000,100,100,0,0.0092653846,1.27227,0.0095136041,0.00039204231,25823.07,1079.0693,168021.24,6.506818,30,46.139328,50,fixed_50nm_plus_terminal_remainder,50.0,True,4000.0,50.0,1500.0,10.0,0.7,10.0,2.0,0.904,72.426
