system,filler_type,w,L_nm,L_over_Lcnt,phi_c_mean,phi_c_std,phi_c_q25,phi_c_q75,phi_c_theory,n_real_requested,n_ok,n_fail,n_max,elapsed_s,tunnel_nm,cnt_length_nm,cnt_diam_nm,cnt_segmentation_rule,seg_len_unit_nm,n_segments,terminal_remainder_nm,mean_segment_length_nm,max_segment_length_nm
CNT L=500 nm w=1.0,CNT,1,2500,5,0.006702567,0.00049142611,0.0063887428,0.0070202029,0.007,480,480,0,6964,47.326,10.0,500.0,10.0,fixed_50nm_contour_step,50.0,10,0.0,50,50.0
CNT L=500 nm w=1.0,CNT,1,4000,8,0.0065694849,0.00029961651,0.0063801329,0.0067864844,0.007,480,480,0,28521,191.155,10.0,500.0,10.0,fixed_50nm_contour_step,50.0,10,0.0,50,50.0
CNT L=500 nm w=1.0,CNT,1,5500,11,0.0065248655,0.00021057389,0.0064022047,0.0066527532,0.007,180,180,0,74143,190.893,10.0,500.0,10.0,fixed_50nm_contour_step,50.0,10,0.0,50,50.0
CNT L=500 nm w=1.0,CNT,1,7000,14,0.0065271873,0.00015721756,0.0064362578,0.0066387898,0.007,120,120,0,152853,265.591,10.0,500.0,10.0,fixed_50nm_contour_step,50.0,10,0.0,50,50.0
CNT L=500 nm w=1.0,CNT,1,8500,17,0.006533521,0.0001183812,0.0064491213,0.0066167038,0.007,120,120,0,273675,471.638,10.0,500.0,10.0,fixed_50nm_contour_step,50.0,10,0.0,50,50.0
CNT L=500 nm w=1.0,CNT,1,10000,20,0.0065449487,0.00010312984,0.0064852093,0.0066103822,0.007,120,120,0,445634,829.619,10.0,500.0,10.0,fixed_50nm_contour_step,50.0,10,0.0,50,50.0
CNT L=500 nm w=0.7,CNT,0.7,2500,5,0.0081712354,0.00055966689,0.00785084,0.0085250258,0.01,480,480,0,9948,54.293,10.0,500.0,10.0,fixed_50nm_contour_step,50.0,10,0.0,50,50.0
CNT L=500 nm w=0.7,CNT,0.7,4000,8,0.0081033289,0.00033139844,0.0078759176,0.0083414807,0.01,480,480,0,40744,229.149,10.0,500.0,10.0,fixed_50nm_contour_step,50.0,10,0.0,50,50.0
CNT L=500 nm w=0.7,CNT,0.7,5500,11,0.0080953813,0.00020622297,0.0079501059,0.0082347611,0.01,180,180,0,105918,229.601,10.0,500.0,10.0,fixed_50nm_contour_step,50.0,10,0.0,50,50.0
CNT L=500 nm w=0.7,CNT,0.7,7000,14,0.0080694404,0.00015749952,0.0079901669,0.0081782446,0.01,120,120,0,218361,317.534,10.0,500.0,10.0,fixed_50nm_contour_step,50.0,10,0.0,50,50.0
CNT L=500 nm w=0.7,CNT,0.7,8500,17,0.0080585678,0.00013542565,0.0079763714,0.0081592686,0.01,120,120,0,390965,600.770,10.0,500.0,10.0,fixed_50nm_contour_step,50.0,10,0.0,50,50.0
CNT L=500 nm w=0.7,CNT,0.7,10000,20,0.0080438703,0.0001209404,0.0079550722,0.0081249145,0.01,120,120,0,636620,1103.031,10.0,500.0,10.0,fixed_50nm_contour_step,50.0,10,0.0,50,50.0
CNT L=500 nm w=0.3,CNT,0.3,2500,5,0.011721638,0.00060797766,0.011349318,0.012113981,0.023333333,480,480,0,23211,80.546,10.0,500.0,10.0,fixed_50nm_contour_step,50.0,10,0.0,50,50.0
CNT L=500 nm w=0.3,CNT,0.3,4000,8,0.011595601,0.00037723761,0.011375695,0.011850615,0.023333333,480,480,0,95069,335.466,10.0,500.0,10.0,fixed_50nm_contour_step,50.0,10,0.0,50,50.0
CNT L=500 nm w=0.3,CNT,0.3,5500,11,0.011582485,0.00031192971,0.011393879,0.011792125,0.023333333,180,180,0,247142,337.640,10.0,500.0,10.0,fixed_50nm_contour_step,50.0,10,0.0,50,50.0
CNT L=500 nm w=0.3,CNT,0.3,7000,14,0.011607267,0.00019833947,0.011514097,0.011734776,0.023333333,120,120,0,509509,547.882,10.0,500.0,10.0,fixed_50nm_contour_step,50.0,10,0.0,50,50.0
CNT L=500 nm w=0.3,CNT,0.3,8500,17,0.011583298,0.00018885279,0.011451834,0.011716484,0.023333333,120,120,0,912250,1471.845,10.0,500.0,10.0,fixed_50nm_contour_step,50.0,10,0.0,50,50.0
CNT L=500 nm w=0.3,CNT,0.3,10000,20,0.011575308,0.00015077375,0.011493065,0.011673353,0.023333333,120,120,0,1485447,4004.210,10.0,500.0,10.0,fixed_50nm_contour_step,50.0,10,0.0,50,50.0
