mode,mode_label,w_cb_wt_pct,phi_cb_vol,phi_cnt_c_median_vol,phi_cnt_c_median_wt_pct,phi_cnt_c_mean_vol,phi_cnt_c_mean_wt_pct,phi_cnt_c_std_wt_pct,phi_cnt_c_q25_wt_pct,phi_cnt_c_q75_wt_pct,phi_cnt_c_q05_wt_pct,phi_cnt_c_q95_wt_pct,n_ok,n_fail,n_cb_percolated,n_censored,n_total,n_cb_mean,n_cnt_mean,n_total_segs_mean,mean_d_realized_nm,std_d_realized_nm,mean_L_realized_nm,std_L_realized_nm,mean_n_seg_per_cnt,max_n_seg_per_cnt,cb_parent_mu_d_nm,cb_parent_sigma_d_nm,cnt_parent_mu_L_nm,cnt_parent_sigma_L_nm,L_RVE_nm,tunnel_nm,phi_cnt_max_wt_pct,CB_mu_d_nm,CB_sigma_d_nm,CB_D_min_nm,CB_D_max_nm,CNT_mu_L_nm,CNT_sigma_L_nm,CNT_L_min_nm,CNT_L_max_nm,CNT_diam_nm,CNT_waviness,seg_len_unit_nm,elapsed_s
MM,CB mono / CNT mono,1,0.0070763916,0.0078306651,1.0726861,0.0077957042,1.0679057,0.044134696,1.0429117,1.0987688,0.98742303,1.130704,400,0,0,0,400,267,12705.022,127050.23,148,2.8475084e-14,500,1.135492e-13,10,10,148,0,500,0,4000.0,10.0,2.0,148.0,0.0,20.0,500.0,500.0,0.0,50.0,1500.0,10.0,0.7,50.0,402.724
MM,CB mono / CNT mono,3,0.021355305,0.0071845524,0.97861852,0.0071639434,0.97581348,0.044219352,0.94617008,1.0070608,0.90441,1.046631,400,0,0,0,400,806,11675.413,116754.12,148,2.8439357e-14,500,1.0942826e-13,10,10,148,0,500,0,4000.0,10.0,2.0,148.0,0.0,20.0,500.0,500.0,0.0,50.0,1500.0,10.0,0.7,50.0,382.584
MM,CB mono / CNT mono,5,0.035804906,0.0066163659,0.89607386,0.0065809018,0.89127732,0.043848992,0.86517161,0.92251588,0.81121378,0.95392632,400,0,0,0,400,1351,10725.202,107252.02,148,2.8432234e-14,500,7.8305422e-14,10,10,148,0,500,0,4000.0,10.0,2.0,148.0,0.0,20.0,500.0,500.0,0.0,50.0,1500.0,10.0,0.7,50.0,363.394
MM,CB mono / CNT mono,10,0.07269605,0.0052551114,0.70145573,0.0052286656,0.69792695,0.044922781,0.67051257,0.72902219,0.62255867,0.75996357,400,0,0,0,400,2741,8521.4,85214,148,2.8426895e-14,500,6.8784641e-14,10,10,148,0,500,0,4000.0,10.0,2.0,148.0,0.0,20.0,500.0,500.0,0.0,50.0,1500.0,10.0,0.7,50.0,362.716
MM,CB mono / CNT mono,20,0.14994097,0.0028937014,0.37487127,0.0028658028,0.37125717,0.036281331,0.34743391,0.39746131,0.30439538,0.42632404,400,0,0,0,400,5654,4670.5325,46705.325,148,2.8424223e-14,500,6.1255493e-14,10,10,148,0,500,0,4000.0,10.0,2.0,148.0,0.0,20.0,500.0,500.0,0.0,50.0,1500.0,10.0,0.7,50.0,250.599
MM,CB mono / CNT mono,30,0.2321755,0.00097622537,0.12259547,0.00095194399,0.11954458,0.030868372,0.1021622,0.14023442,0.065700161,0.16434079,400,0,1,0,400,8754.725,1551.4275,15514.275,148,2.8423333e-14,500,9.112438e-14,10,10,148,0,500,0,4000.0,10.0,2.0,148.0,0.0,20.0,500.0,500.0,0.0,50.0,1500.0,10.0,0.7,50.0,185.386
PM,CB poly / CNT mono,1,0.0070763916,0.0078662535,1.0775468,0.0078497478,1.0752869,0.044977603,1.0455939,1.1078183,0.99552229,1.1415028,400,0,0,0,400,126.2275,12793.1,127931,149.04162,83.599891,500,1.1369129e-13,10,10,152.06854,94.310777,500,0,4000.0,10.0,2.0,148.0,83.0,20.0,500.0,500.0,0.0,50.0,1500.0,10.0,0.7,50.0,365.729
PM,CB poly / CNT mono,3,0.021355305,0.0073302806,0.99841401,0.0073350973,0.99906172,0.048841754,0.9695327,1.0310406,0.91550443,1.0806818,400,0,0,0,400,376.9975,11954.35,119543.5,148.09163,83.105386,500,1.1113353e-13,10,10,152.06854,94.310777,500,0,4000.0,10.0,2.0,148.0,83.0,20.0,500.0,500.0,0.0,50.0,1500.0,10.0,0.7,50.0,332.106
PM,CB poly / CNT mono,5,0.035804906,0.0068409407,0.9264114,0.0068275659,0.92459713,0.052740255,0.89340043,0.96049365,0.83139076,1.0027302,400,0,0,0,400,625.9975,11127.202,111272.02,148.25455,83.084672,500,9.5501195e-14,10,10,152.06854,94.310777,500,0,4000.0,10.0,2.0,148.0,83.0,20.0,500.0,500.0,0.0,50.0,1500.0,10.0,0.7,50.0,328.680
PM,CB poly / CNT mono,10,0.07269605,0.0056146765,0.74935207,0.0055715302,0.74359576,0.059232838,0.710754,0.78444898,0.64481798,0.83029355,400,0,0,0,400,1263.8175,9080.1825,90801.825,148.13282,83.245034,500,6.238916e-14,10,10,152.06854,94.310777,500,0,4000.0,10.0,2.0,148.0,83.0,20.0,500.0,500.0,0.0,50.0,1500.0,10.0,0.7,50.0,284.741
PM,CB poly / CNT mono,20,0.14994097,0.0032946839,0.42675669,0.0032382365,0.41944282,0.062516313,0.3802709,0.4621589,0.30180568,0.5159317,400,0,0,0,400,2611.6725,5277.505,52775.05,148.06314,83.020344,500,8.4988979e-14,10,10,152.06854,94.310777,500,0,4000.0,10.0,2.0,148.0,83.0,20.0,500.0,500.0,0.0,50.0,1500.0,10.0,0.7,50.0,190.666
PM,CB poly / CNT mono,30,0.2321755,0.0013514371,0.16969305,0.0013571358,0.17040076,0.052386402,0.13644104,0.20769341,0.08010479,0.25150143,400,0,0,0,400,4041.525,2211.7875,22117.875,147.99068,83.077628,500,8.4292195e-14,10,10,152.06854,94.310777,500,0,4000.0,10.0,2.0,148.0,83.0,20.0,500.0,500.0,0.0,50.0,1500.0,10.0,0.7,50.0,102.555
MP,CB mono / CNT poly,1,0.0070763916,0.0061387709,0.84145637,0.0061163925,0.83838961,0.048120695,0.80796352,0.87112771,0.75446404,0.9121222,400,0,0,0,400,267,9968.775,104664.82,148,2.8475084e-14,500.00954,299.97051,10.500062,30,148,0,554.60596,426.16117,4000.0,10.0,2.0,148.0,0.0,20.0,500.0,500.0,300.0,50.0,1500.0,10.0,0.7,50.0,297.978
MP,CB mono / CNT poly,3,0.021355305,0.0056415502,0.76888715,0.0056118368,0.76483992,0.047112098,0.73315481,0.79735209,0.68398912,0.83401638,400,0,0,0,400,806,9144.235,96029.363,148,2.8439357e-14,500.14608,299.86355,10.502753,30,148,0,554.60596,426.16117,4000.0,10.0,2.0,148.0,0.0,20.0,500.0,500.0,300.0,50.0,1500.0,10.0,0.7,50.0,290.574
MP,CB mono / CNT poly,5,0.035804906,0.0051942404,0.70384305,0.0051701276,0.70057568,0.04774357,0.665901,0.73527046,0.61842917,0.7714744,400,0,0,0,400,1351,8426.935,88472.223,148,2.8432234e-14,499.98477,300.00794,10.499572,30,148,0,554.60596,426.16117,4000.0,10.0,2.0,148.0,0.0,20.0,500.0,500.0,300.0,50.0,1500.0,10.0,0.7,50.0,286.513
MP,CB mono / CNT poly,10,0.07269605,0.0041194976,0.55010197,0.0041052458,0.54819718,0.04065052,0.52310172,0.57841789,0.47382845,0.60780535,400,0,0,0,400,2741,6690.57,70248.845,148,2.8426895e-14,500.04285,300.10493,10.500643,30,148,0,554.60596,426.16117,4000.0,10.0,2.0,148.0,0.0,20.0,500.0,500.0,300.0,50.0,1500.0,10.0,0.7,50.0,270.600
MP,CB mono / CNT poly,20,0.14994097,0.002301692,0.29824078,0.0022916715,0.29694028,0.033911139,0.27631206,0.32005404,0.23950994,0.35245631,400,0,0,0,400,5654,3731.055,39213.543,148,2.8424223e-14,500.62946,300.51325,10.512456,30,148,0,554.60596,426.16117,4000.0,10.0,2.0,148.0,0.0,20.0,500.0,500.0,300.0,50.0,1500.0,10.0,0.7,50.0,219.101
MP,CB mono / CNT poly,30,0.2321755,0.00080349347,0.10090961,0.00079774038,0.10018551,0.025515679,0.083782371,0.11802262,0.057969466,0.14145,400,0,0,0,400,8755,1300.17,13652.35,148,2.8423333e-14,500.22757,300.14307,10.505335,30,148,0,554.60596,426.16117,4000.0,10.0,2.0,148.0,0.0,20.0,500.0,500.0,300.0,50.0,1500.0,10.0,0.7,50.0,174.106
PP,CB poly / CNT poly,1,0.0070763916,0.0061533078,0.84344437,0.0061408085,0.84172852,0.048699415,0.80698934,0.87783023,0.75924981,0.91567856,400,0,0,0,400,123.1075,10006.74,105082.21,150.22164,84.301793,500.09762,300.09531,10.501875,30,152.06854,94.310777,554.60596,426.16117,4000.0,10.0,2.0,148.0,83.0,20.0,500.0,500.0,300.0,50.0,1500.0,10.0,0.7,50.0,291.027
PP,CB poly / CNT poly,3,0.021355305,0.0057090157,0.7780624,0.005679584,0.77405283,0.05029649,0.74554526,0.81068983,0.69013895,0.8485727,400,0,0,0,400,369.4125,9263.1,97196.413,148.87745,83.796248,499.66428,299.76551,10.4935,30,152.06854,94.310777,554.60596,426.16117,4000.0,10.0,2.0,148.0,83.0,20.0,500.0,500.0,300.0,50.0,1500.0,10.0,0.7,50.0,769.466
PP,CB poly / CNT poly,5,0.035804906,0.0052644808,0.71334233,0.0052194716,0.70724742,0.053850442,0.67576124,0.74243898,0.60795051,0.78806785,400,0,0,0,400,628.635,8505.68,89312.812,148.01418,82.995573,500.0828,300.06578,10.501136,30,152.06854,94.310777,554.60596,426.16117,4000.0,10.0,2.0,148.0,83.0,20.0,500.0,500.0,300.0,50.0,1500.0,10.0,0.7,50.0,261.899
PP,CB poly / CNT poly,10,0.07269605,0.0042694432,0.57009382,0.0042467984,0.56706677,0.054126341,0.53263971,0.60116519,0.47841368,0.65023023,400,0,0,0,400,1268.9325,6924.515,72672.785,148.10335,83.002278,499.80762,300.02319,10.495946,30,152.06854,94.310777,554.60596,426.16117,4000.0,10.0,2.0,148.0,83.0,20.0,500.0,500.0,300.0,50.0,1500.0,10.0,0.7,50.0,214.250
PP,CB poly / CNT poly,20,0.14994097,0.0024742717,0.32058306,0.0024327109,0.315195,0.05344921,0.28066795,0.35249563,0.22566629,0.39152477,400,0,0,0,400,2612.1525,3968.7875,41632.753,147.95154,83.099447,499.57097,299.91797,10.491705,30,152.06854,94.310777,554.60596,426.16117,4000.0,10.0,2.0,148.0,83.0,20.0,500.0,500.0,300.0,50.0,1500.0,10.0,0.7,50.0,148.704
PP,CB poly / CNT poly,30,0.2321755,0.0011237192,0.14111074,0.0010864983,0.13643374,0.04160386,0.11126988,0.16391049,0.066107338,0.19920829,400,0,0,0,400,4036.6825,1769.9275,18592.068,148.12506,83.060653,500.5088,300.7464,10.510282,30,152.06854,94.310777,554.60596,426.16117,4000.0,10.0,2.0,148.0,83.0,20.0,500.0,500.0,300.0,50.0,1500.0,10.0,0.7,50.0,89.384
