mwcnt_type,aspect_ratio,wt_pct,phi_cnt_vol,l_rve_nm,pan_wc_e_wt_pct,pan_t,n_ok,n_total,fit_include,sigma_s_per_m_median,sigma_s_per_m_mean,sigma_s_per_m_std,cnt_mu_l_nm,cnt_sigma_l_nm,cnt_l_min_nm,cnt_l_max_nm,cnt_diam_nm,cnt_waviness,seg_len_unit_nm,tunnel_nm,campaign_seed_base,row_seed_base
AR51,51.0,1.0,0.00516795865633075,4000.0,2.11,2.99,0,50,0,nan,nan,nan,660.0,437.0,100.0,2500.0,13.0,0.7,50.0,10.0,20260706,20260706
AR51,51.0,2.0,0.0103866128101558,4000.0,2.11,2.99,44,50,0,0.0001244871048406228,0.9978604094623176,2.0216239334662953,660.0,437.0,100.0,2500.0,13.0,0.7,50.0,10.0,20260706,20261706
AR51,51.0,3.0,0.015656712090461006,4000.0,2.11,2.99,50,50,1,145.08521592651834,149.98858594316584,26.89150191020098,660.0,437.0,100.0,2500.0,13.0,0.7,50.0,10.0,20260706,20262706
AR51,51.0,5.0,0.026354319180087852,4000.0,2.11,2.99,50,50,1,1714.2083770309994,1721.4601542809305,77.20105966796858,660.0,437.0,100.0,2500.0,13.0,0.7,50.0,10.0,20260706,20263706
AR51,51.0,7.0,0.037267080745341616,4000.0,2.11,2.99,50,50,1,5100.560495650882,5066.6866273595515,123.4596159963104,660.0,437.0,100.0,2500.0,13.0,0.7,50.0,10.0,20260706,20264706
AR51,51.0,10.0,0.05405405405405406,4000.0,2.11,2.99,50,50,1,13857.952250037088,13805.893646045752,250.57636684711986,660.0,437.0,100.0,2500.0,13.0,0.7,50.0,10.0,20260706,20265706
AR84,84.0,1.0,0.00516795865633075,4000.0,1.51,3.10,0,50,0,nan,nan,nan,1230.0,555.0,200.0,3000.0,14.0,0.7,50.0,10.0,20260706,20360706
AR84,84.0,2.0,0.0103866128101558,4000.0,1.51,3.10,50,50,1,54.26599760354526,59.36796614214535,25.00876882021691,1230.0,555.0,200.0,3000.0,14.0,0.7,50.0,10.0,20260706,20361706
AR84,84.0,3.0,0.015656712090461006,4000.0,1.51,3.10,50,50,1,563.5349528887771,571.3851187254194,50.63257070311919,1230.0,555.0,200.0,3000.0,14.0,0.7,50.0,10.0,20260706,20362706
AR84,84.0,5.0,0.026354319180087852,4000.0,1.51,3.10,50,50,1,3296.7588570687785,3289.313152469106,129.88746661800423,1230.0,555.0,200.0,3000.0,14.0,0.7,50.0,10.0,20260706,20363706
AR84,84.0,7.0,0.037267080745341616,4000.0,1.51,3.10,50,50,1,8378.368379611187,8400.482813462731,208.101917381047,1230.0,555.0,200.0,3000.0,14.0,0.7,50.0,10.0,20260706,20364706
AR84,84.0,10.0,0.05405405405405406,4000.0,1.51,3.10,50,50,1,20368.99380078908,20355.9588235885,405.3417418989744,1230.0,555.0,200.0,3000.0,14.0,0.7,50.0,10.0,20260706,20365706
AR167,167.0,1.0,0.00516795865633075,4000.0,0.74,3.05,50,50,1,22.138570134594346,21.89921722142156,13.780146354062431,1840.0,711.0,300.0,4000.0,11.0,0.7,50.0,10.0,20260706,20460706
AR167,167.0,2.0,0.0103866128101558,4000.0,0.74,3.05,50,50,1,1063.2817869532387,1061.8843428056266,86.34973703231175,1840.0,711.0,300.0,4000.0,11.0,0.7,50.0,10.0,20260706,20461706
AR167,167.0,3.0,0.015656712090461006,4000.0,0.74,3.05,50,50,1,3685.3925810387964,3695.558061120814,148.0026789249259,1840.0,711.0,300.0,4000.0,11.0,0.7,50.0,10.0,20260706,20462706
AR167,167.0,5.0,0.026354319180087852,4000.0,0.74,3.05,50,50,1,14069.841649585069,14111.909679829254,354.6918833642781,1840.0,711.0,300.0,4000.0,11.0,0.7,50.0,10.0,20260706,20463706
AR167,167.0,7.0,0.037267080745341616,4000.0,0.74,3.05,50,50,1,31317.73249916421,31250.376967610795,632.0898699658568,1840.0,711.0,300.0,4000.0,11.0,0.7,50.0,10.0,20260706,20464706
AR167,167.0,10.0,0.05405405405405406,4000.0,0.74,3.05,50,50,1,70587.08341283732,70497.89606139157,1062.4307661698224,1840.0,711.0,300.0,4000.0,11.0,0.7,50.0,10.0,20260706,20465706
