system,system_label,variable_filler,phi_multiplier,phi_c_ref_vol,phi_variable_target_vol,phi_variable_actual_mean_vol,phi_variable_actual_std_vol,phi_cb_target_vol,phi_cb_actual_mean_vol,phi_cnt_target_vol,phi_cnt_actual_mean_vol,sigma_s_per_m_mean,sigma_s_per_m_std,sigma_s_per_m_median,sigma_s_per_m_p25,sigma_s_per_m_p75,sigma_conditional_s_per_m_mean,sigma_conditional_s_per_m_std,n_ok,n_fail,n_total,n_cb_mean,n_cnt_mean,n_total_segs_mean,n_nodes_mean,n_edges_mean,n_edges_ss_mean,n_edges_sc_mean,n_edges_cc_mean,n_components_mean,largest_component_fraction_mean,n_spanning_components_mean,low_nodes_mean,high_nodes_mean,n_unknown_mean,matrix_nnz_mean,residual_ratio_mean,residual_ratio_max,G_min_mean,G_max_mean,log10_G_range_mean,log10_G_range_max,n_clamped_d_min_mean,frac_clamped_d_min_mean,n_overlap_edges_mean,frac_overlap_edges_mean,n_cutoff_edges_mean,frac_cutoff_edges_mean,n_finite_g_mean,mean_d_realized_nm,std_d_realized_nm,mean_L_realized_nm,std_L_realized_nm,mean_n_seg_per_cnt,max_n_seg_per_cnt,elapsed_s,L_RVE_nm,tunnel_nm,d_min_tunnel_nm,G_cutoff_S,CB_mu_d_nm,CB_sigma_d_nm,CB_D_min_nm,CB_D_max_nm,CNT_mu_L_nm,CNT_sigma_L_nm,CNT_L_min_nm,CNT_L_max_nm,CNT_diam_nm,CNT_waviness,seg_len_unit_nm
hybrid,"hybrid PP, fixed CB=1 wt%",CNT,0.7,0.0061533078,0.0043073155,0.0043077277,3.5695638e-07,0.0070763916,0.0072152994,0.0043073155,0.0043077277,0,0,0,0,0,0,0,0,300,300,124.86333,7019.2933,73711.263,7144.1567,2251.0633,2.5733333,218.06667,2030.4233,5009.2133,0.0054353323,0,172.15333,172.8,0,0,nan,nan,1.0403678e-15,0.0009910666,11.978073,12.006332,1632.2567,0.72510628,1581.2167,0.70243091,899.68,0.28555746,2251.0633,149.55933,84.109548,500.11403,300.18319,10.501795,30,92.873,4000,10,0.34,1e-15,148,83,20,500,500,300,50,1500,10,0.7,50
hybrid,"hybrid PP, fixed CB=1 wt%",CNT,0.85,0.0061533078,0.0052303116,0.0052307475,3.4583831e-07,0.0070763916,0.0072110037,0.0052303116,0.0052307475,0,0,0,0,0,0,0,0,300,300,124.73,8521.42,89508.493,8646.15,3264.07,2.4433333,264.98333,2996.6433,5586.8733,0.0076388683,0,209.23,208.49333,0,0,nan,nan,1.0307533e-15,0.00099178423,11.982338,12.006339,2354.49,0.72133313,2280.76,0.69874076,1318.73,0.2877566,3264.07,149.13203,84.164194,500.21815,299.89794,10.504345,30,116.557,4000,10,0.34,1e-15,148,83,20,500,500,300,50,1500,10,0.7,50
hybrid,"hybrid PP, fixed CB=1 wt%",CNT,0.95,0.0061533078,0.0058456424,0.0058460271,3.1942412e-07,0.0070763916,0.0072232435,0.0058456424,0.0058460271,0,0,0,0,0,0,0,0,300,300,125.53667,9530.42,100041.67,9655.9567,4037.5033,2.5933333,296.71667,3738.1933,5899.3867,0.0095351741,0,231.86,232.71333,0,0,nan,nan,1.0229238e-15,0.00099896058,11.989029,12.006324,2909.3767,0.72058915,2816.9,0.69768394,1640.8767,0.28896607,4037.5033,149.04201,83.946601,499.86759,299.61072,10.497461,30,135.435,4000,10,0.34,1e-15,148,83,20,500,500,300,50,1500,10,0.7,50
hybrid,"hybrid PP, fixed CB=1 wt%",CNT,1,0.0061533078,0.0061533078,0.0061536793,3.3466822e-07,0.0070763916,0.0072121592,0.0061533078,0.0061536793,0,0,0,0,0,0,0,0,300,300,127.77,10025.617,105301.57,10153.387,4465.95,2.6433333,314.16333,4149.1433,6015.69,0.011635622,0,246.67,243.88333,0,0,nan,nan,1.0199049e-15,0.00099817002,11.989904,12.006316,3215.6567,0.72004812,3113.7433,0.69722957,1824.6033,0.29005605,4465.95,148.52458,83.227653,500.18218,299.95987,10.503583,30,144.862,4000,10,0.34,1e-15,148,83,20,500,500,300,50,1500,10,0.7,50
hybrid,"hybrid PP, fixed CB=1 wt%",CNT,1.05,0.0061533078,0.0064609732,0.0064613936,3.7672817e-07,0.0070763916,0.0072153074,0.0064609732,0.0064613936,0,0,0,0,0,0,0,0,300,300,126.43,10533.927,110570.57,10660.357,4912.1333,2.6433333,330,4579.49,6130.5967,0.013881824,0,257.10333,257.67,0,0,nan,nan,1.0191663e-15,0.0009910666,11.986785,12.006296,3531.8033,0.71899552,3418.7733,0.69598795,2001.52,0.28950099,4912.1333,148.59309,83.742782,499.85177,299.85579,10.496966,30,154.571,4000,10,0.34,1e-15,148,83,20,500,500,300,50,1500,10,0.7,50
hybrid,"hybrid PP, fixed CB=1 wt%",CNT,1.15,0.0061533078,0.007076304,0.007076695,3.363755e-07,0.0070763916,0.0071938536,0.007076304,0.007076695,7.3575676e-09,1.1388779e-07,0,0,0,7.3575676e-07,1.065454e-06,3,297,300,126.92333,11527.443,121092.26,11654.367,5852.9233,2.5233333,363.16667,5487.2333,6308.0367,0.023067311,0.01,278.98667,280.84,5.07,16.81,1.1278432e-15,1.8369872e-15,1.0145462e-15,0.0009932195,11.989776,12.00635,4199.6267,0.7175242,4064.1467,0.69437334,2401.6967,0.29095365,5852.9233,148.70005,83.017228,500.26651,300.17911,10.505013,30,168.950,4000,10,0.34,1e-15,148,83,20,500,500,300,50,1500,10,0.7,50
hybrid,"hybrid PP, fixed CB=1 wt%",CNT,1.3,0.0061533078,0.0079993001,0.0079996981,3.0521457e-07,0.0070763916,0.0072151564,0.0079993001,0.0079996981,0.00050682299,0.0080773072,0,0,2.1328033e-10,0.0019493192,0.015827109,78,222,300,126.04,13031.72,136886.79,13157.76,7413.1367,2.5666667,405.29,7005.28,6486.61,0.061642663,0.26,318.59,318.44333,305.78667,1019.7733,2.4812973e-08,1.9048461e-06,1.0128522e-15,0.0009910666,11.989458,12.006342,5307.9833,0.71603163,5135.2267,0.69272822,3059.0033,0.29210842,7413.1367,148.69362,83.838638,500.23598,300.12339,10.504422,30,199.725,4000,10,0.34,1e-15,148,83,20,500,500,300,50,1500,10,0.7,50
hybrid,"hybrid PP, fixed CB=1 wt%",CNT,1.5,0.0061533078,0.0092299617,0.0092303851,3.3910248e-07,0.0070763916,0.0072257962,0.0092299617,0.0092303851,0.086208482,0.59683903,9.6071044e-06,2.4958337e-07,0.00064134423,0.089489774,0.60788787,289,11,300,127.04667,15047.917,157957.56,15174.963,9802.8567,2.5866667,470.16,9330.11,6576.85,0.25171143,1.0066667,365.76667,366.90667,3714.52,12493.433,2.0289895e-15,8.7052729e-15,1.0086561e-15,0.00099824295,11.994692,12.00635,7005.6533,0.71464951,6774.27,0.69104517,4062.4967,0.29299943,9802.8567,148.6328,83.542982,499.85406,299.85857,10.497195,30,241.565,4000,10,0.34,1e-15,148,83,20,500,500,300,50,1500,10,0.7,50
hybrid,"hybrid PP, fixed CB=1 wt%",CNT,1.75,0.0061533078,0.010768289,0.010768715,3.7097082e-07,0.0070763916,0.0072143342,0.010768289,0.010768715,5.4776209,5.3080045,4.2643652,0.76412215,7.966703,5.4776209,5.3080045,300,0,300,126.48333,17561.02,184288.2,17687.503,13250.9,2.6633333,547.77333,12700.463,6544.5367,0.45520668,1,425.66667,428.3,7859.04,27025.08,1.6681433e-15,5.6996364e-15,1.0068069e-15,0.0009910666,11.992033,12.006352,9446.5867,0.71290002,9135.34,0.68941099,5520.23,0.29407809,13250.9,149.08411,83.462244,499.70453,299.98761,10.49437,30,294.608,4000,10,0.34,1e-15,148,83,20,500,500,300,50,1500,10,0.7,50
hybrid,"hybrid PP, fixed CB=1 wt%",CNT,2,0.0061533078,0.012306616,0.012307019,3.1330191e-07,0.0070763916,0.0072061547,0.012306616,0.012307019,42.401246,11.758995,43.509658,33.673084,49.989602,42.401246,11.758995,300,0,300,126.69,20056.86,210602.07,20183.55,17229.25,2.4733333,626.87333,16599.903,6409.8233,0.56625425,1,484.00667,485.35667,11113.803,39432.223,1.5225203e-15,3.6250861e-15,1.0049567e-15,0.00099609004,11.995241,12.006356,12259.2,0.71153139,11851.3,0.68785572,7210.9433,0.29504615,17229.25,149.22151,83.238895,500.02021,300.05869,10.500424,30,356.066,4000,10,0.34,1e-15,148,83,20,500,500,300,50,1500,10,0.7,50
hybrid,"hybrid PP, fixed CB=1 wt%",CNT,2.25,0.0061533078,0.013844943,0.013845369,3.3493412e-07,0.0070763916,0.007208263,0.013844943,0.013845369,126.87569,18.38323,126.84648,113.3267,138.77511,126.87569,18.38323,300,0,300,125.84,22556.807,236921.99,22682.647,21710.087,2.54,705.27667,21002.27,6233.9833,0.64190593,1,548.53667,548.90333,14111.163,51836.937,1.5047859e-15,2.9118851e-15,1.0039976e-15,0.0009910666,11.993237,12.00635,15433.1,0.71087099,14918.97,0.68718896,9097.4567,0.29529935,21710.087,149.28317,83.638456,500.17695,300.05455,10.503502,30,415.624,4000,10,0.34,1e-15,148,83,20,500,500,300,50,1500,10,0.7,50
hybrid,"hybrid PP, fixed CB=1 wt%",CNT,2.5,0.0061533078,0.015383269,0.015383662,3.2294605e-07,0.0070763916,0.0072126652,0.015383269,0.015383662,264.98449,24.031125,263.21793,249.99803,282.26061,264.98449,24.031125,300,0,300,126.29667,25062.733,263244.17,25189.03,26705.617,2.5933333,780.89,25922.133,6035.1067,0.69814327,1,609.91667,607.52,17012.36,64888.533,1.6949441e-15,3.758245e-15,1.0031639e-15,0.0009910666,11.993597,12.006352,18972.267,0.71042097,18338.563,0.68669077,11233.697,0.29609848,26705.617,149.12858,83.662148,500.18241,300.07103,10.503572,30,490.727,4000,10,0.34,1e-15,148,83,20,500,500,300,50,1500,10,0.7,50
hybrid,"hybrid PP, fixed CB=1 wt%",CNT,2.75,0.0061533078,0.016921596,0.016922028,3.6598741e-07,0.0070763916,0.0072072503,0.016921596,0.016922028,449.89111,30.365453,449.70988,428.65705,470.73217,449.89111,30.365453,300,0,300,126.36333,27575.407,289577.01,27701.77,32233.213,2.6,861.74,31368.873,5813.1033,0.74250743,1,669.48667,670.27,19857.167,78691.567,1.9279853e-15,4.0861782e-15,1.0028683e-15,0.00099393714,11.995105,12.006345,22879.833,0.70982217,22113.99,0.68606282,13563.557,0.29616869,32233.213,149.34713,83.491079,500.06558,299.89781,10.501425,30,561.944,4000,10,0.34,1e-15,148,83,20,500,500,300,50,1500,10,0.7,50
hybrid,"hybrid PP, fixed CB=1 wt%",CNT,3,0.0061533078,0.018459923,0.018460347,3.3815769e-07,0.0070763916,0.0072166598,0.018459923,0.018460347,694.13961,35.220045,692.74858,668.77433,715.67232,694.13961,35.220045,300,0,300,125.55,30075.71,315890.82,30201.26,38270.47,2.7,934.77667,37332.993,5588.3133,0.77781644,1,726.35667,727.07,22648.63,93330.257,2.2913877e-15,4.1968615e-15,1.0021844e-15,0.00099752531,11.997127,12.006357,27143.117,0.70924403,26234.38,0.68549885,16156.2,0.29684392,38270.47,149.04171,83.812059,500.17198,300.21879,10.503309,30,694.414,4000,10,0.34,1e-15,148,83,20,500,500,300,50,1500,10,0.7,50
hybrid,"hybrid PP, fixed CB=1 wt%",CNT,3.25,0.0061533078,0.01999825,0.019998668,3.4917164e-07,0.0070763916,0.0072220605,0.01999825,0.019998668,981.76771,40.210533,981.48263,954.42089,1008.3207,981.76771,40.210533,300,0,300,127.29,32598.837,342221.97,32726.127,44857.81,2.4233333,1022.62,43832.767,5359.76,0.80683019,1,788.66333,791.55333,25423.85,108909.35,2.7278026e-15,5.8795757e-15,1.0018613e-15,0.00098676079,11.992088,12.006352,31796.393,0.70882613,30727.003,0.68498669,18944.54,0.29692593,44857.81,148.67771,83.346732,499.91294,299.96084,10.498104,30,782.350,4000,10,0.34,1e-15,148,83,20,500,500,300,50,1500,10,0.7,50
hybrid,"hybrid PP, fixed CB=1 wt%",CNT,3.5,0.0061533078,0.021536577,0.021537005,3.4495343e-07,0.0070763916,0.0072107169,0.021536577,0.021537005,1331.9672,43.396972,1330.345,1301.9551,1360.271,1331.9672,43.396972,300,0,300,127.61,35105.847,368548.49,35233.457,51927.587,2.57,1098.9167,50826.1,5131.8067,0.83072701,1,854.69667,847.62333,28150.787,125287.29,3.1760349e-15,5.4338001e-15,1.001582e-15,0.00099011117,11.99383,12.006358,36794.293,0.70856823,35553.67,0.68467723,21967.37,0.29727853,51927.587,148.28158,83.454153,499.92044,300.03381,10.498322,30,816.586,4000,10,0.34,1e-15,148,83,20,500,500,300,50,1500,10,0.7,50
hybrid,"hybrid PP, fixed CB=1 wt%",CNT,3.578,0.0061533078,0.022016535,0.022016932,3.0216708e-07,0.0070763916,0.007222045,0.022016535,0.022016932,1448.2663,46.270589,1450.3226,1416.5627,1479.9952,1448.2663,46.270589,300,0,300,124.32667,35868.047,376755.27,35992.373,54240.907,2.4166667,1118.13,53120.36,5047.1,0.83760136,1,868.07,867.26,28988.78,130586.6,3.3096464e-15,5.2105996e-15,1.0016208e-15,0.00099250187,11.994954,12.006358,38424.927,0.70841199,37132.477,0.68458381,22938.073,0.29720728,54240.907,149.62074,84.146248,500.19915,300.106,10.504012,30,837.515,4000,10,0.34,1e-15,148,83,20,500,500,300,50,1500,10,0.7,50
