campaign,run_id,composition_code,composition,cb_wt_percent,phi_multiplier_label,channel,alpha_nm_per_strain,n_ok,n_total,success_fraction,GF_R_median,GF_R_p25,GF_R_p75,GF_R_IQR_label,GF_sigma_median,GF_geom_median,R2_lnG_median,R2_lnsigma_median,linearity_flag_fraction,power_frac_ss_eps0_median,power_frac_sc_eps0_median,power_frac_cc_eps0_median,paired_baseline_channel,paired_n,paired_delta_GF_R_median,paired_delta_GF_sigma_median,GF_sigma_positive_count,GF_sigma_positive_fraction,GF_sigma_median_positive,dominant_power_channel_eps0,dominant_power_fraction_eps0,source_summary_csv,source_realizations_csv
mech100,20260620_205743,h1,3 wt.% CNT + 1 wt.% CB,1,3.57806,ideal,0,100,100,1,0.26748219,0.18645708,0.34495699,0.19-0.34,-1.4488487,1.7163309,0.99588783,0.99989599,0.02,1.5866316e-05,0.02744692,0.97254513,ideal,100,0,0,0,0,False,CC,0.97254513,data/processed/gf/gf_simmons_gf_mech100_20260620_205743_h1_ideal.csv,data/processed/gf/gf_simmons_gf_mech100_20260620_205743_h1_ideal_realizations.csv
mech100,20260620_205743,h1,3 wt.% CNT + 1 wt.% CB,1,3.57806,CC,5,100,100,1,1.5948303,1.4622111,1.6995914,1.46-1.70,-0.12150053,1.7163309,0.99981863,0.98015074,0.35,1.5866316e-05,0.02744692,0.97254513,ideal,100,1.3237526,1.3237526,22,0.22,False,CC,0.97254513,data/processed/gf/gf_simmons_gf_mech100_20260620_205743_h1_cc_a5.csv,data/processed/gf/gf_simmons_gf_mech100_20260620_205743_h1_cc_a5_realizations.csv
mech100,20260620_205743,h1,3 wt.% CNT + 1 wt.% CB,1,3.57806,CC,10,100,100,1,2.9177252,2.7238793,3.1016619,2.72-3.10,1.2013944,1.7163309,0.99987741,0.99928119,0,1.5866316e-05,0.02744692,0.97254513,ideal,100,2.6634609,2.6634608,100,1,True,CC,0.97254513,data/processed/gf/gf_simmons_gf_mech100_20260620_205743_h1_cc_a10.csv,data/processed/gf/gf_simmons_gf_mech100_20260620_205743_h1_cc_a10_realizations.csv
mech100,20260620_205743,h1,3 wt.% CNT + 1 wt.% CB,1,3.57806,CC,20,100,100,1,5.5679706,5.3410764,5.8753488,5.34-5.88,3.8516397,1.7163309,0.99986996,0.99971108,0,1.5866316e-05,0.02744692,0.97254513,ideal,100,5.3001583,5.3001584,100,1,True,CC,0.97254513,data/processed/gf/gf_simmons_gf_mech100_20260620_205743_h1_cc_a20.csv,data/processed/gf/gf_simmons_gf_mech100_20260620_205743_h1_cc_a20_realizations.csv
mech100,20260620_205743,h1,3 wt.% CNT + 1 wt.% CB,1,3.57806,CC,40,100,100,1,11.008773,10.692815,11.538976,10.69-11.54,9.2924424,1.7163309,0.99969253,0.99957633,0,1.5866316e-05,0.02744692,0.97254513,ideal,100,10.764162,10.764163,100,1,True,CC,0.97254513,data/processed/gf/gf_simmons_gf_mech100_20260620_205743_h1_cc_a40.csv,data/processed/gf/gf_simmons_gf_mech100_20260620_205743_h1_cc_a40_realizations.csv
mech100,20260620_205743,h1,3 wt.% CNT + 1 wt.% CB,1,3.57806,SC,5,100,100,1,0.27579831,0.1933931,0.35751308,0.19-0.36,-1.4405325,1.7163309,0.99607736,0.99989372,0.03,1.5866316e-05,0.02744692,0.97254513,ideal,100,0.005860745,0.0058607,0,0,False,CC,0.97254513,data/processed/gf/gf_simmons_gf_mech100_20260620_205743_h1_sc_a5.csv,data/processed/gf/gf_simmons_gf_mech100_20260620_205743_h1_sc_a5_realizations.csv
mech100,20260620_205743,h1,3 wt.% CNT + 1 wt.% CB,1,3.57806,SC,10,100,100,1,0.27862834,0.19656593,0.36707155,0.20-0.37,-1.4377025,1.7163309,0.99583229,0.99988162,0.03,1.5866316e-05,0.02744692,0.97254513,ideal,100,0.01168702,0.01168705,0,0,False,CC,0.97254513,data/processed/gf/gf_simmons_gf_mech100_20260620_205743_h1_sc_a10.csv,data/processed/gf/gf_simmons_gf_mech100_20260620_205743_h1_sc_a10_realizations.csv
mech100,20260620_205743,h1,3 wt.% CNT + 1 wt.% CB,1,3.57806,SC,20,100,100,1,0.2998941,0.21092771,0.37728054,0.21-0.38,-1.4164368,1.7163309,0.99570544,0.99982816,0.01,1.5866316e-05,0.02744692,0.97254513,ideal,100,0.02243229,0.0224323,0,0,False,CC,0.97254513,data/processed/gf/gf_simmons_gf_mech100_20260620_205743_h1_sc_a20.csv,data/processed/gf/gf_simmons_gf_mech100_20260620_205743_h1_sc_a20_realizations.csv
mech100,20260620_205743,h1,3 wt.% CNT + 1 wt.% CB,1,3.57806,SC,40,100,100,1,0.3149356,0.22158695,0.40669229,0.22-0.41,-1.4013953,1.7163309,0.99522649,0.99975668,0.02,1.5866316e-05,0.02744692,0.97254513,ideal,100,0.046887665,0.0468877,0,0,False,CC,0.97254513,data/processed/gf/gf_simmons_gf_mech100_20260620_205743_h1_sc_a40.csv,data/processed/gf/gf_simmons_gf_mech100_20260620_205743_h1_sc_a40_realizations.csv
mech100,20260620_205743,h1,3 wt.% CNT + 1 wt.% CB,1,3.57806,SS,5,100,100,1,0.26748219,0.18645708,0.34495699,0.19-0.34,-1.4488487,1.7163309,0.99588783,0.99989599,0.02,1.5866316e-05,0.02744692,0.97254513,ideal,100,0,0,0,0,False,CC,0.97254513,data/processed/gf/gf_simmons_gf_mech100_20260620_205743_h1_ss_a5.csv,data/processed/gf/gf_simmons_gf_mech100_20260620_205743_h1_ss_a5_realizations.csv
mech100,20260620_205743,h1,3 wt.% CNT + 1 wt.% CB,1,3.57806,SS,10,100,100,1,0.26748219,0.18645707,0.34495699,0.19-0.34,-1.4488487,1.7163309,0.99588783,0.99989599,0.02,1.5866316e-05,0.02744692,0.97254513,ideal,100,0,0,0,0,False,CC,0.97254513,data/processed/gf/gf_simmons_gf_mech100_20260620_205743_h1_ss_a10.csv,data/processed/gf/gf_simmons_gf_mech100_20260620_205743_h1_ss_a10_realizations.csv
mech100,20260620_205743,h1,3 wt.% CNT + 1 wt.% CB,1,3.57806,SS,20,100,100,1,0.26748219,0.18645707,0.34495699,0.19-0.34,-1.4488487,1.7163309,0.99588783,0.99989599,0.02,1.5866316e-05,0.02744692,0.97254513,ideal,100,0,0,0,0,False,CC,0.97254513,data/processed/gf/gf_simmons_gf_mech100_20260620_205743_h1_ss_a20.csv,data/processed/gf/gf_simmons_gf_mech100_20260620_205743_h1_ss_a20_realizations.csv
mech100,20260620_205743,h1,3 wt.% CNT + 1 wt.% CB,1,3.57806,SS,40,100,100,1,0.26748219,0.18645705,0.34495699,0.19-0.34,-1.4488487,1.7163309,0.99588783,0.99989599,0.02,1.5866316e-05,0.02744692,0.97254513,ideal,100,0,0,0,0,False,CC,0.97254513,data/processed/gf/gf_simmons_gf_mech100_20260620_205743_h1_ss_a40.csv,data/processed/gf/gf_simmons_gf_mech100_20260620_205743_h1_ss_a40_realizations.csv
mech100,20260620_205743,h1,3 wt.% CNT + 1 wt.% CB,1,3.57806,all,5,100,100,1,1.5974423,1.474414,1.7004788,1.47-1.70,-0.11888851,1.7163309,0.99982142,0.97706409,0.35,1.5866316e-05,0.02744692,0.97254513,ideal,100,1.3287546,1.3287546,22,0.22,False,CC,0.97254513,data/processed/gf/gf_simmons_gf_mech100_20260620_205743_h1_all_a5.csv,data/processed/gf/gf_simmons_gf_mech100_20260620_205743_h1_all_a5_realizations.csv
mech100,20260620_205743,h1,3 wt.% CNT + 1 wt.% CB,1,3.57806,all,10,100,100,1,2.9303656,2.7453122,3.1074413,2.75-3.11,1.2140348,1.7163309,0.99987703,0.99930615,0,1.5866316e-05,0.02744692,0.97254513,ideal,100,2.6702184,2.6702185,100,1,True,CC,0.97254513,data/processed/gf/gf_simmons_gf_mech100_20260620_205743_h1_all_a10.csv,data/processed/gf/gf_simmons_gf_mech100_20260620_205743_h1_all_a10_realizations.csv
mech100,20260620_205743,h1,3 wt.% CNT + 1 wt.% CB,1,3.57806,all,20,100,100,1,5.5879543,5.3587033,5.9320936,5.36-5.93,3.8716235,1.7163309,0.99988464,0.99974882,0,1.5866316e-05,0.02744692,0.97254513,ideal,100,5.3283904,5.3283905,100,1,True,CC,0.97254513,data/processed/gf/gf_simmons_gf_mech100_20260620_205743_h1_all_a20.csv,data/processed/gf/gf_simmons_gf_mech100_20260620_205743_h1_all_a20_realizations.csv
mech100,20260620_205743,h1,3 wt.% CNT + 1 wt.% CB,1,3.57806,all,40,100,100,1,11.064966,10.756596,11.589779,10.76-11.59,9.3486351,1.7163309,0.99969082,0.99955708,0,1.5866316e-05,0.02744692,0.97254513,ideal,100,10.839356,10.839356,100,1,True,CC,0.97254513,data/processed/gf/gf_simmons_gf_mech100_20260620_205743_h1_all_a40.csv,data/processed/gf/gf_simmons_gf_mech100_20260620_205743_h1_all_a40_realizations.csv
mech100,20260620_205743,h5,3 wt.% CNT + 5 wt.% CB,5,4.23215,ideal,0,100,100,1,0.35203802,0.27259877,0.41510491,0.27-0.42,-1.3642928,1.7163309,0.98256658,0.99908694,0.04,0.0011706784,0.12339489,0.87517257,ideal,100,0,0,0,0,False,CC,0.87517257,data/processed/gf/gf_simmons_gf_mech100_20260620_205743_h5_ideal.csv,data/processed/gf/gf_simmons_gf_mech100_20260620_205743_h5_ideal_realizations.csv
mech100,20260620_205743,h5,3 wt.% CNT + 5 wt.% CB,5,4.23215,CC,5,100,100,1,1.4133852,1.322386,1.5368284,1.32-1.54,-0.3029457,1.7163309,0.99920046,0.97703608,0.22,0.0011706784,0.12339489,0.87517257,ideal,100,1.0851743,1.0851743,5,0.05,False,CC,0.87517257,data/processed/gf/gf_simmons_gf_mech100_20260620_205743_h5_cc_a5.csv,data/processed/gf/gf_simmons_gf_mech100_20260620_205743_h5_cc_a5_realizations.csv
mech100,20260620_205743,h5,3 wt.% CNT + 5 wt.% CB,5,4.23215,CC,10,100,100,1,2.5155915,2.3802803,2.6445206,2.38-2.64,0.7992606,1.7163309,0.99960998,0.99558902,0,0.0011706784,0.12339489,0.87517257,ideal,100,2.1820994,2.1820994,100,1,True,CC,0.87517257,data/processed/gf/gf_simmons_gf_mech100_20260620_205743_h5_cc_a10.csv,data/processed/gf/gf_simmons_gf_mech100_20260620_205743_h5_cc_a10_realizations.csv
mech100,20260620_205743,h5,3 wt.% CNT + 5 wt.% CB,5,4.23215,CC,20,100,100,1,4.6549962,4.4825437,4.9449839,4.48-4.94,2.9386654,1.7163309,0.99980955,0.99950148,0,0.0011706784,0.12339489,0.87517257,ideal,100,4.3523399,4.35234,100,1,True,CC,0.87517257,data/processed/gf/gf_simmons_gf_mech100_20260620_205743_h5_cc_a20.csv,data/processed/gf/gf_simmons_gf_mech100_20260620_205743_h5_cc_a20_realizations.csv
mech100,20260620_205743,h5,3 wt.% CNT + 5 wt.% CB,5,4.23215,CC,40,100,100,1,9.1224703,8.7987758,9.6056444,8.80-9.61,7.4061394,1.7163309,0.99965582,0.99949418,0,0.0011706784,0.12339489,0.87517257,ideal,100,8.7796957,8.7796957,100,1,True,CC,0.87517257,data/processed/gf/gf_simmons_gf_mech100_20260620_205743_h5_cc_a40.csv,data/processed/gf/gf_simmons_gf_mech100_20260620_205743_h5_cc_a40_realizations.csv
mech100,20260620_205743,h5,3 wt.% CNT + 5 wt.% CB,5,4.23215,SC,40,100,100,1,0.60583545,0.50273823,0.6931644,0.50-0.69,-1.1104954,1.7163309,0.98988373,0.99694329,0,0.0011706784,0.12339489,0.87517257,ideal,100,0.25668672,0.2566867,0,0,False,CC,0.87517257,data/processed/gf/gf_simmons_gf_mech100_20260620_205743_h5_sc_a40.csv,data/processed/gf/gf_simmons_gf_mech100_20260620_205743_h5_sc_a40_realizations.csv
mech100,20260620_205743,h10,3 wt.% CNT + 10 wt.% CB,10,5.29765,ideal,0,100,100,1,0.41264284,0.34016134,0.50018176,0.34-0.50,-1.303688,1.7163309,0.98401981,0.99845521,0.02,0.0044854931,0.22162206,0.77409565,ideal,100,0,0,0,0,False,CC,0.77409565,data/processed/gf/gf_simmons_gf_mech100_20260620_205743_h10_ideal.csv,data/processed/gf/gf_simmons_gf_mech100_20260620_205743_h10_ideal_realizations.csv
mech100,20260620_205743,h10,3 wt.% CNT + 10 wt.% CB,10,5.29765,CC,5,100,100,1,1.3056624,1.1940157,1.3894331,1.19-1.39,-0.41066845,1.7163309,0.99831723,0.98586907,0.1,0.0044854931,0.22162206,0.77409565,ideal,100,0.8770169,0.8770169,1,0.01,False,CC,0.77409565,data/processed/gf/gf_simmons_gf_mech100_20260620_205743_h10_cc_a5.csv,data/processed/gf/gf_simmons_gf_mech100_20260620_205743_h10_cc_a5_realizations.csv
mech100,20260620_205743,h10,3 wt.% CNT + 10 wt.% CB,10,5.29765,CC,10,100,100,1,2.1706963,2.071502,2.2883132,2.07-2.29,0.45436549,1.7163309,0.9993453,0.98181756,0.06,0.0044854931,0.22162206,0.77409565,ideal,100,1.7487677,1.7487676,100,1,True,CC,0.77409565,data/processed/gf/gf_simmons_gf_mech100_20260620_205743_h10_cc_a10.csv,data/processed/gf/gf_simmons_gf_mech100_20260620_205743_h10_cc_a10_realizations.csv
mech100,20260620_205743,h10,3 wt.% CNT + 10 wt.% CB,10,5.29765,CC,20,100,100,1,3.9273353,3.7478476,4.1117132,3.75-4.11,2.2110044,1.7163309,0.99965394,0.99888245,0,0.0044854931,0.22162206,0.77409565,ideal,100,3.5019261,3.501926,100,1,True,CC,0.77409565,data/processed/gf/gf_simmons_gf_mech100_20260620_205743_h10_cc_a20.csv,data/processed/gf/gf_simmons_gf_mech100_20260620_205743_h10_cc_a20_realizations.csv
mech100,20260620_205743,h10,3 wt.% CNT + 10 wt.% CB,10,5.29765,CC,40,100,100,1,7.478652,7.2671231,7.8447915,7.27-7.84,5.7623212,1.7163309,0.99970159,0.99950772,0,0.0044854931,0.22162206,0.77409565,ideal,100,7.093905,7.0939049,100,1,True,CC,0.77409565,data/processed/gf/gf_simmons_gf_mech100_20260620_205743_h10_cc_a40.csv,data/processed/gf/gf_simmons_gf_mech100_20260620_205743_h10_cc_a40_realizations.csv
mech100,20260620_205743,h10,3 wt.% CNT + 10 wt.% CB,10,5.29765,SC,40,100,100,1,0.82679518,0.73684245,0.93318338,0.74-0.93,-0.88953567,1.7163309,0.9942905,0.99474404,0.04,0.0044854931,0.22162206,0.77409565,ideal,100,0.40061516,0.40061519,0,0,False,CC,0.77409565,data/processed/gf/gf_simmons_gf_mech100_20260620_205743_h10_sc_a40.csv,data/processed/gf/gf_simmons_gf_mech100_20260620_205743_h10_sc_a40_realizations.csv
